<?xml version="1.0" encoding="UTF-8"?>
<jcr:root xmlns:sling="http://sling.apache.org/jcr/sling/1.0" xmlns:cq="http://www.day.com/jcr/cq/1.0" xmlns:jcr="http://www.jcp.org/jcr/1.0" xmlns:nt="http://www.jcp.org/jcr/nt/1.0"
    jcr:primaryType="nt:unstructured"
    jcr:title="Category Teaser">
    <content jcr:primaryType="nt:unstructured">
        <items jcr:primaryType="nt:unstructured">
            <tabs jcr:primaryType="nt:unstructured">
                <items jcr:primaryType="nt:unstructured">
                    <properties jcr:primaryType="nt:unstructured">
                        <items jcr:primaryType="nt:unstructured">
                            <content jcr:primaryType="nt:unstructured">
                                <items jcr:primaryType="nt:unstructured">
                                    <displayCaptionPopup
                                        jcr:primaryType="nt:unstructured"
                                        sling:hideResource="{Boolean}true"/>
                                </items>
                            </content>
                        </items>
                    </properties>
                    <features
                        jcr:primaryType="nt:unstructured"
                        sling:hideResource="{Boolean}true"/>
                </items>
            </tabs>
        </items>
    </content>
</jcr:root>
