<?xml version="1.0" encoding="UTF-8"?>
<jcr:root xmlns:sling="http://sling.apache.org/jcr/sling/1.0" xmlns:cq="http://www.day.com/jcr/cq/1.0" xmlns:jcr="http://www.jcp.org/jcr/1.0" xmlns:nt="http://www.jcp.org/jcr/nt/1.0"
    jcr:primaryType="cq:Page">
    <jcr:content
        cq:lastModified="{Date}2019-04-29T14:33:18.704-07:00"
        cq:lastModifiedBy="admin"
        cq:template="/conf/we-retail-spa/react/settings/wcm/templates/hero-page"
        jcr:primaryType="cq:PageContent"
        jcr:title="Equipment"
        sling:resourceType="we-retail-spa/react/components/structure/page">
        <root
            jcr:primaryType="nt:unstructured"
            sling:resourceType="wcm/foundation/components/responsivegrid">
            <hero_image
                jcr:created="{Date}2016-01-13T15:58:04.452+01:00"
                jcr:createdBy="admin"
                jcr:lastModified="{Date}2018-12-25T14:55:10.635-05:00"
                jcr:lastModifiedBy="admin"
                jcr:primaryType="nt:unstructured"
                sling:resourceType="we-retail-spa/components/content/heroImage"
                editable="{Boolean}true"
                fileReference="/content/dam/we-retail/en/activities/biking/forest-trail.jpg"
                isHeader="{Boolean}true"
                title="Equipment"
                useFullWidth="true"/>
            <responsivegrid
                jcr:created="{Date}2017-12-07T16:48:57.968+05:30"
                jcr:createdBy="admin"
                jcr:lastModified="{Date}2017-12-07T16:49:29.168+05:30"
                jcr:lastModifiedBy="admin"
                jcr:primaryType="nt:unstructured"
                sling:resourceType="wcm/foundation/components/responsivegrid">
                <title
                    jcr:created="{Date}2018-12-25T14:55:42.607-05:00"
                    jcr:createdBy="admin"
                    jcr:lastModified="{Date}2019-04-29T14:33:18.700-07:00"
                    jcr:lastModifiedBy="admin"
                    jcr:primaryType="nt:unstructured"
                    sling:resourceType="we-retail-spa/components/content/title"
                    title="Welcome our finest equipment"
                    type="h2"/>
                <categoryteaser
                    jcr:created="{Date}2018-12-26T17:40:25.171-05:00"
                    jcr:createdBy="admin"
                    jcr:lastModified="{Date}2018-12-26T17:41:57.647-05:00"
                    jcr:lastModifiedBy="admin"
                    jcr:primaryType="nt:unstructured"
                    sling:resourceType="we-retail-spa/components/content/categoryteaser"
                    buttonLabel="Hiking"
                    buttonLinkTo="/content/we-retail-spa/react/en/product/equipment"
                    image="/content/dam/we-retail/en/activities/hiking/hiking_2.jpg">
                    <cq:responsive jcr:primaryType="nt:unstructured">
                        <default
                            jcr:primaryType="nt:unstructured"
                            width="6"/>
                    </cq:responsive>
                </categoryteaser>
                <categoryteaser_818181167
                    jcr:created="{Date}2018-12-26T17:40:36.373-05:00"
                    jcr:createdBy="admin"
                    jcr:lastModified="{Date}2018-12-26T17:42:36.152-05:00"
                    jcr:lastModifiedBy="admin"
                    jcr:primaryType="nt:unstructured"
                    sling:resourceType="we-retail-spa/components/content/categoryteaser"
                    buttonLabel="Running"
                    buttonLinkTo="/content/we-retail-spa/react/en/product/equipment"
                    image="/content/dam/we-retail/en/activities/running/running-trail-man.jpg">
                    <cq:responsive jcr:primaryType="nt:unstructured">
                        <default
                            jcr:primaryType="nt:unstructured"
                            offset="0"
                            width="6"/>
                    </cq:responsive>
                </categoryteaser_818181167>
                <categoryteaser_1209509913
                    jcr:created="{Date}2018-12-26T17:43:25.078-05:00"
                    jcr:createdBy="admin"
                    jcr:lastModified="{Date}2018-12-26T17:45:08.309-05:00"
                    jcr:lastModifiedBy="admin"
                    jcr:primaryType="nt:unstructured"
                    sling:resourceType="we-retail-spa/components/content/categoryteaser"
                    buttonLabel="Biking"
                    buttonLinkTo="/content/we-retail-spa/react/en/product/equipment"
                    image="/content/dam/we-retail/en/activities/biking/enduro-trail-jump.jpg">
                    <cq:responsive jcr:primaryType="nt:unstructured">
                        <default
                            jcr:primaryType="nt:unstructured"
                            width="4"/>
                    </cq:responsive>
                </categoryteaser_1209509913>
                <categoryteaser_271477725
                    jcr:created="{Date}2018-12-26T17:43:30.263-05:00"
                    jcr:createdBy="admin"
                    jcr:lastModified="{Date}2018-12-26T17:48:36.806-05:00"
                    jcr:lastModifiedBy="admin"
                    jcr:primaryType="nt:unstructured"
                    sling:resourceType="we-retail-spa/components/content/categoryteaser"
                    buttonLabel="Surfing"
                    buttonLinkTo="/content/we-retail-spa/react/en/product/equipment"
                    image="/content/dam/we-retail/en/activities/surfing/wave-nicaragua.jpg">
                    <cq:responsive jcr:primaryType="nt:unstructured">
                        <default
                            jcr:primaryType="nt:unstructured"
                            width="4"/>
                    </cq:responsive>
                </categoryteaser_271477725>
                <categoryteaser_43470467
                    jcr:created="{Date}2018-12-26T17:43:36.146-05:00"
                    jcr:createdBy="admin"
                    jcr:lastModified="{Date}2018-12-26T17:49:37.813-05:00"
                    jcr:lastModifiedBy="admin"
                    jcr:primaryType="nt:unstructured"
                    sling:resourceType="we-retail-spa/components/content/categoryteaser"
                    buttonLabel="Snow Sports"
                    buttonLinkTo="/content/we-retail-spa/react/en/product/equipment"
                    image="/content/dam/we-retail/en/activities/skiing/freeride-steep.jpg">
                    <cq:responsive jcr:primaryType="nt:unstructured">
                        <default
                            jcr:primaryType="nt:unstructured"
                            width="4"/>
                    </cq:responsive>
                </categoryteaser_43470467>
                <title_624374800
                    jcr:created="{Date}2018-12-26T17:50:56.177-05:00"
                    jcr:createdBy="admin"
                    jcr:lastModified="{Date}2018-12-26T17:51:15.078-05:00"
                    jcr:lastModifiedBy="admin"
                    jcr:primaryType="nt:unstructured"
                    sling:resourceType="we-retail-spa/components/content/title"
                    title="Featured Products"
                    type="h2"/>
                <productgrid
                    jcr:created="{Date}2018-12-26T17:51:28.769-05:00"
                    jcr:createdBy="admin"
                    jcr:lastModified="{Date}2018-12-26T19:09:06.349-05:00"
                    jcr:lastModifiedBy="admin"
                    jcr:primaryType="nt:unstructured"
                    sling:resourceType="we-retail-spa/components/content/productgrid"
                    childDepth="3"
                    listFrom="children"
                    maxItems="6"
                    pages="[/content/we-retail-spa/react/en/product/equipment/hiking/backpack,/content/we-retail-spa/react/en/product/equipment/hiking/backpack]"
                    parentPage="/content/we-retail-spa/react/en/product/equipment"
                    sortOrder="desc"
                    tagsMatch="any"/>
                <button
                    jcr:created="{Date}2018-12-26T17:53:21.886-05:00"
                    jcr:createdBy="admin"
                    jcr:lastModified="{Date}2018-12-26T17:53:51.980-05:00"
                    jcr:lastModifiedBy="admin"
                    jcr:primaryType="nt:unstructured"
                    sling:resourceType="we-retail-spa/components/content/button"
                    label="All Equipment"
                    linkTo="/content/we-retail-spa/react/en/product/equipment">
                    <cq:responsive jcr:primaryType="nt:unstructured">
                        <default
                            jcr:primaryType="nt:unstructured"
                            offset="5"
                            width="3"/>
                    </cq:responsive>
                </button>
                <title_1909164838
                    jcr:created="{Date}2018-12-26T17:55:02.934-05:00"
                    jcr:createdBy="admin"
                    jcr:lastModified="{Date}2018-12-26T17:55:23.071-05:00"
                    jcr:lastModifiedBy="admin"
                    jcr:primaryType="nt:unstructured"
                    sling:resourceType="we-retail-spa/components/content/title"
                    title="Winter is Coming, Get Ready"
                    type="h2"/>
                <categoryteaser_515648525
                    jcr:created="{Date}2018-12-26T17:55:41.194-05:00"
                    jcr:createdBy="admin"
                    jcr:lastModified="{Date}2019-01-04T10:59:36.955-05:00"
                    jcr:lastModifiedBy="admin"
                    jcr:primaryType="nt:unstructured"
                    sling:resourceType="we-retail-spa/components/content/categoryteaser"
                    buttonLabel="Snow Sports"
                    buttonLinkTo="/content/we-retail-spa/react/en/product/equipment"
                    image="/content/dam/we-retail/en/activities/skiing/woman-winter.jpg"/>
            </responsivegrid>
        </root>
    </jcr:content>
</jcr:root>
