<?xml version="1.0" encoding="UTF-8"?>
<jcr:root xmlns:dam="http://www.day.com/dam/1.0" xmlns:cq="http://www.day.com/jcr/cq/1.0" xmlns:jcr="http://www.jcp.org/jcr/1.0" xmlns:mix="http://www.jcp.org/jcr/mix/1.0" xmlns:nt="http://www.jcp.org/jcr/nt/1.0"
    jcr:isCheckedOut="{Boolean}true"
    jcr:mixinTypes="[mix:referenceable,mix:versionable]"
    jcr:primaryType="dam:Asset"
    jcr:uuid="376ed03c-0815-43b6-98be-d05257c8f617">
    <jcr:content
        cq:lastModified="{Date}2018-12-27T10:56:36.980-05:00"
        cq:lastModifiedBy="admin"
        cq:name="raul-marquez"
        cq:parentPath="/content/dam/we-retail-spa/en/athletes"
        dam:relativePath="we-retail-spa/en/athletes/raul-marquez"
        jcr:description=""
        jcr:lastModified="{Date}2018-12-27T11:14:01.863-05:00"
        jcr:lastModifiedBy="admin"
        jcr:primaryType="dam:AssetContent"
        jcr:title="Raul Marquez"
        contentFragment="{Boolean}true"
        lastFragmentSave="{Date}2018-12-27T11:14:01.863-05:00">
        <data
            cq:model="/conf/we-retail-spa/react/settings/dam/cfm/models/athlete"
            jcr:primaryType="nt:unstructured">
            <master
                jcr:primaryType="nt:unstructured"
                biographyText="&lt;p>Lorem ipsum dolor sit amet, consectetur adipiscing elit, sed do eiusmod tempor incididunt ut labore et dolore magna aliqua. Ut enim ad minim veniam, quis nostrud exercitation ullamco laboris nisi ut aliquip ex ea commodo consequat.&lt;/p>&#xa;&lt;p>Duis aute irure dolor in reprehenderit in voluptate velit esse cillum dolore eu fugiat nulla pariatur. Excepteur sint occaecat cupidatat non proident, sunt in culpa qui officia deserunt mollit anim id est laborum.&amp;quot;&lt;/p>&#xa;&lt;p>Sed ut perspiciatis unde omnis iste natus error sit voluptatem accusantium doloremque laudantium, totam rem aperiam, eaque ipsa quae ab illo inventore veritatis et quasi architecto beatae vitae dicta sunt explicabo. Nemo enim ipsam voluptatem quia voluptas sit aspernatur aut odit aut fugit, sed quia consequuntur magni dolores eos qui ratione voluptatem sequi nesciunt.&lt;/p>&#xa;&lt;p>Neque porro quisquam est, qui dolorem ipsum quia dolor sit amet, consectetur, adipisci velit, sed quia non numquam eius modi tempora incidunt ut labore et dolore magnam aliquam quaerat voluptatem. Ut enim ad minima veniam, quis nostrum exercitationem ullam corporis suscipit laboriosam, nisi ut aliquid ex ea commodi consequatur.&lt;/p>&#xa;&lt;p>Quis autem vel eum iure reprehenderit qui in ea voluptate velit esse quam nihil molestiae consequatur, vel illum qui dolorem eum fugiat quo voluptas nulla pariatur.&lt;/p>&#xa;"
                biographyText_x0040_ContentType="text/html"
                biographyText_x0040_LastModified="{Date}2018-12-27T11:14:01.834-05:00"
                fullName="Raul Marquez"
                fullName_x0040_LastModified="{Date}2018-12-27T11:14:01.833-05:00"
                nationality="Mexican"
                nationality_x0040_LastModified="{Date}2018-12-27T11:14:01.834-05:00"
                pictureReference="/content/dam/we-retail/en/people/mens/men_5.jpg"
                pictureReference_x0040_LastModified="{Date}2018-12-27T11:14:01.834-05:00"
                sportsTags="[we-retail:activity/hiking]"
                sportsTags_x0040_LastModified="{Date}2018-12-27T11:14:01.834-05:00"/>
            <summary
                jcr:primaryType="nt:unstructured"
                biographyText="&lt;p>Sandra Sprient was the first Canadian woman to win 3 gold medals in the 2016 World Track Championship.&lt;/p>&#xa;&lt;p>Sprient's hard work paid off at the 2016 World Track Championship, held in New York City, USA. She took home three gold medals, in the 50 meter relay, and the 100 and 200 meter sprints; as well as a silver medal in the 400 meter relay.&lt;br>&#xa;&lt;/p>&#xa;"
                biographyText_x0040_ContentType="text/html"
                biographyText_x0040_LastModified="{Date}2018-09-24T15:42:50.836-04:00"
                fullName="Sandra Sprient"
                fullName_x0040_LastModified="{Date}2018-09-24T15:42:50.834-04:00"
                nationality="Canadian"
                nationality_x0040_LastModified="{Date}2018-09-24T15:42:50.837-04:00"
                pictureReference="/content/dam/we-retail/en/activities/running/running_2.jpg"
                pictureReference_x0040_LastModified="{Date}2018-09-24T15:42:50.836-04:00"
                sportsTags="[we-retail:activity/running]"
                sportsTags_x0040_LastModified="{Date}2018-09-24T15:42:50.837-04:00"/>
        </data>
        <metadata
            jcr:mixinTypes="[cq:Taggable]"
            jcr:primaryType="nt:unstructured"/>
        <model jcr:primaryType="nt:unstructured">
            <variations jcr:primaryType="nt:unstructured">
                <summary
                    jcr:description=""
                    jcr:primaryType="nt:unstructured"
                    jcr:title="Summary"
                    name="summary">
                    <properties
                        jcr:primaryType="nt:unstructured"
                        synchronizeWithVersion="[biographyText:3b4fa544-10ee-4de4-972e-07e9d6439b09,pictureReference:3b4fa544-10ee-4de4-972e-07e9d6439b09,sportsTags:3b4fa544-10ee-4de4-972e-07e9d6439b09,nationality:3b4fa544-10ee-4de4-972e-07e9d6439b09,fullName:99525491-abe2-40a7-82c6-5f094c7fb89d]"/>
                </summary>
            </variations>
        </model>
        <related jcr:primaryType="nt:unstructured"/>
        <usages
            dam:score="{Long}2"
            jcr:primaryType="nt:unstructured"
            usedBy="[aem]">
            <aem
                jcr:primaryType="nt:unstructured"
                count="{Long}2"
                lastUsed="{Date}2018-05-15T10:03:22.466-04:00"/>
        </usages>
    </jcr:content>
</jcr:root>
