<?xml version="1.0" encoding="UTF-8"?>
<jcr:root xmlns:sling="http://sling.apache.org/jcr/sling/1.0" xmlns:cq="http://www.day.com/jcr/cq/1.0" xmlns:jcr="http://www.jcp.org/jcr/1.0" xmlns:nt="http://www.jcp.org/jcr/nt/1.0" xmlns:rep="internal"
    jcr:mixinTypes="[rep:AccessControllable]"
    jcr:primaryType="cq:Page">
    <rep:policy/>
    <wcm jcr:primaryType="nt:unstructured">
        <foundation jcr:primaryType="nt:unstructured">
            <components jcr:primaryType="nt:unstructured">
                <responsivegrid jcr:primaryType="nt:unstructured">
                    <jcr:content
                        jcr:primaryType="nt:unstructured"
                        mergeList="{Boolean}true"/>
                    <default
                        jcr:lastModified="{Date}2017-12-07T15:43:22.777+05:30"
                        jcr:lastModifiedBy="admin"
                        jcr:primaryType="nt:unstructured"
                        jcr:title="We.Retail SPA (React) Template Root Policy"
                        sling:resourceType="wcm/core/components/policy/policy"
                        components="[/libs/wcm/foundation/components/responsivegrid,/apps/we-retail-spa/components/text,/apps/we-retail-spa/components/image,group:We.Retail.SPA]">
                        <cq:authoring jcr:primaryType="nt:unstructured">
                            <assetToComponentMapping jcr:primaryType="nt:unstructured">
                                <image
                                    jcr:primaryType="nt:unstructured"
                                    assetGroup="media"
                                    assetMimetype="image/*"
                                    droptarget="image"
                                    resourceType="we-retail-spa/components/image"
                                    type="Images"/>
                            </assetToComponentMapping>
                        </cq:authoring>
                        <jcr:content
                            jcr:primaryType="nt:unstructured"
                            mergeList="{Boolean}true"/>
                    </default>
                </responsivegrid>
            </components>
        </foundation>
    </wcm>
    <we-retail-spa jcr:primaryType="nt:unstructured">
        <react jcr:primaryType="nt:unstructured">
            <components jcr:primaryType="nt:unstructured">
                <structure jcr:primaryType="nt:unstructured">
                    <page jcr:primaryType="nt:unstructured">
                        <default
                            jcr:description="Default policy of the page"
                            jcr:primaryType="nt:unstructured"
                            jcr:title="SPA Page"
                            sling:resourceType="wcm/core/components/policy/policy"
                            clientlibs="[wcm.foundation.components.page.responsive]"/>
                    </page>
                    <app jcr:primaryType="nt:unstructured">
                        <default
                            jcr:description="Default policy of the App"
                            jcr:primaryType="nt:unstructured"
                            jcr:title="SPA App"
                            sling:resourceType="wcm/core/components/policy/policy"
                            clientlibs="[wcm.foundation.components.page.responsive]"
                            isRoot="{Boolean}true"
                            structureDepth="3"
                            structurePatterns="(react/)"/>
                    </app>
                    <productfilter
                        jcr:description="Policy for Search Components"
                        jcr:lastModified="{Date}2016-09-16T17:02:53.845+02:00"
                        jcr:lastModifiedBy="admin"
                        jcr:primaryType="nt:unstructured"
                        jcr:title="We.Retail.Spa Product Filter"
                        sling:resourceType="wcm/core/components/policy/policy"
                        components="/apps/we-retail-spa/components/structure/productfilter">
                        <jcr:content
                            jcr:primaryType="nt:unstructured"
                            mergeList="{Boolean}true"/>
                    </productfilter>
                </structure>
                <content
                    jcr:primaryType="nt:unstructured"
                    sling:resourceType="nt:unstructured">
                    <list jcr:primaryType="nt:unstructured">
                        <we-retail-spa-default
                            cq:allowNoStyle="true"
                            jcr:lastModified="{Date}2017-03-23T16:52:07.565+01:00"
                            jcr:lastModifiedBy="admin"
                            jcr:primaryType="nt:unstructured"
                            jcr:title="We.Retail.Spa Default"
                            sling:resourceType="wcm/core/components/policy/policy"
                            disableChildren="false"
                            disableSearch="false"
                            disableStatic="false"
                            disableTags="false"
                            linkItems="false"
                            showDescription="false"
                            showModificationDate="false">
                            <jcr:content jcr:primaryType="nt:unstructured"/>
                            <cq:styleGroups jcr:primaryType="nt:unstructured">
                                <item0
                                    cq:styleGroupLabel="Layout"
                                    jcr:primaryType="nt:unstructured">
                                    <cq:styles jcr:primaryType="nt:unstructured">
                                        <item0
                                            cq:styleClasses="we-list--block we-list--teaser"
                                            cq:styleId="1508797741160"
                                            cq:styleLabel="Block"
                                            jcr:primaryType="nt:unstructured"/>
                                        <item1
                                            cq:styleClasses="we-list--grid we-list--teaser"
                                            cq:styleId="1508797744638"
                                            cq:styleLabel="Grid"
                                            jcr:primaryType="nt:unstructured"/>
                                    </cq:styles>
                                </item0>
                                <item1
                                    cq:styleGroupLabel="Display"
                                    cq:styleGroupMultiple="true"
                                    jcr:primaryType="nt:unstructured">
                                    <cq:styles jcr:primaryType="nt:unstructured">
                                        <item0
                                            cq:styleClasses="we-list--date"
                                            cq:styleId="1508800134047"
                                            cq:styleLabel="Date"
                                            jcr:primaryType="nt:unstructured"/>
                                        <item1
                                            cq:styleClasses="we-list--image"
                                            cq:styleId="1508800123708"
                                            cq:styleLabel="Image"
                                            jcr:primaryType="nt:unstructured"/>
                                    </cq:styles>
                                </item1>
                            </cq:styleGroups>
                        </we-retail-spa-default>
                    </list>
                    <image jcr:primaryType="nt:unstructured">
                        <policy_1490281316632
                            jcr:lastModified="{Date}2017-03-23T16:52:07.565+01:00"
                            jcr:lastModifiedBy="admin"
                            jcr:primaryType="nt:unstructured"
                            jcr:title="We.Retail.Spa Default"
                            sling:resourceType="wcm/core/components/policy/policy"
                            allowedRenditionWidths="[128,256,512,1024,1280,1440,1920,2048]"
                            allowUpload="true">
                            <jcr:content jcr:primaryType="nt:unstructured"/>
                            <plugins jcr:primaryType="nt:unstructured">
                                <crop
                                    jcr:primaryType="nt:unstructured"
                                    features="*">
                                    <aspectRatios jcr:primaryType="nt:unstructured">
                                        <item0
                                            jcr:primaryType="nt:unstructured"
                                            name="Wide Landscape"
                                            ratio="0.6180"/>
                                        <item1
                                            jcr:primaryType="nt:unstructured"
                                            name="Landscape"
                                            ratio="0.8284"/>
                                        <item2
                                            jcr:primaryType="nt:unstructured"
                                            name="Square"
                                            ratio="1"/>
                                        <item3
                                            jcr:primaryType="nt:unstructured"
                                            name="Portrait"
                                            ratio="1.6180"/>
                                    </aspectRatios>
                                </crop>
                                <rotate
                                    jcr:primaryType="nt:unstructured"
                                    features="right"/>
                                <flip
                                    jcr:primaryType="nt:unstructured"
                                    features="-"/>
                            </plugins>
                        </policy_1490281316632>
                    </image>
                    <title
                        jcr:primaryType="nt:unstructured"
                        sling:resourceType="nt:unstructured">
                        <we-retail-spa-hero-page
                            jcr:description=""
                            jcr:lastModified="{Date}2016-10-10T23:42:54.948+02:00"
                            jcr:lastModifiedBy="admin"
                            jcr:primaryType="nt:unstructured"
                            jcr:title="We.Retail.Spa Title policy - Hero Page"
                            sling:resourceType="wcm/core/components/policy/policy"
                            defaultType="h2">
                            <jcr:content
                                jcr:primaryType="nt:unstructured"
                                mergeList="{Boolean}true"/>
                        </we-retail-spa-hero-page>
                        <we-retial-spa-section-page
                            jcr:description=""
                            jcr:lastModified="{Date}2016-10-10T17:23:17.909+02:00"
                            jcr:lastModifiedBy="admin"
                            jcr:primaryType="nt:unstructured"
                            jcr:title="We.Retail.Spa Title policy - Section Page"
                            sling:resourceType="wcm/core/components/policy/policy"
                            defaultType="h2">
                            <jcr:content
                                jcr:primaryType="nt:unstructured"
                                mergeList="{Boolean}true"/>
                        </we-retial-spa-section-page>
                    </title>
                    <categoryteaser jcr:primaryType="nt:unstructured">
                        <policy_1492610142529
                            jcr:lastModified="{Date}2017-04-20T16:06:08.451+02:00"
                            jcr:lastModifiedBy="admin"
                            jcr:primaryType="nt:unstructured"
                            jcr:title="We.Retail.Spa Default"
                            sling:resourceType="wcm/core/components/policy/policy"
                            allowedRenditionWidths="[128,256,512,1024,1280,1440,1920,2048]"
                            disableLazyLoading="true">
                            <jcr:content jcr:primaryType="nt:unstructured"/>
                        </policy_1492610142529>
                    </categoryteaser>
                    <categoryteaserimage jcr:primaryType="nt:unstructured">
                        <policy_1492698986168
                            jcr:lastModified="{Date}2017-04-20T16:36:47.151+02:00"
                            jcr:lastModifiedBy="admin"
                            jcr:primaryType="nt:unstructured"
                            jcr:title="We.Retail.Spa Default"
                            sling:resourceType="wcm/core/components/policy/policy"
                            allowedRenditionWidths="[128,256,512,1024,1280,1440,1920,2048]"
                            allowUpload="true"
                            disableLazyLoading="true">
                            <jcr:content jcr:primaryType="nt:unstructured"/>
                        </policy_1492698986168>
                    </categoryteaserimage>
                    <contentfragment jcr:primaryType="nt:unstructured">
                        <default
                            jcr:lastModified="{Date}2018-05-15T09:22:00.956-04:00"
                            jcr:lastModifiedBy="admin"
                            jcr:primaryType="nt:unstructured"
                            jcr:title="We.Retail SPA Content Fragment policy"
                            sling:resourceType="wcm/core/components/policy/policy"
                            cfm-grid-type="dam/cfm/components/grid"
                            mmf-image-type="dam/cfm/components/mmimage">
                            <jcr:content
                                jcr:primaryType="nt:unstructured"
                                mergeList="{Boolean}true"/>
                            <cq:styleGroups jcr:primaryType="nt:unstructured">
                                <item0
                                    cq:styleGroupLabel="Styles"
                                    jcr:primaryType="nt:unstructured">
                                    <cq:styles jcr:primaryType="nt:unstructured">
                                        <item0
                                            cq:styleClasses="cmp-contentfragment--athlete"
                                            cq:styleId="1526332492625"
                                            cq:styleLabel="Featured Athlete"
                                            jcr:primaryType="nt:unstructured"/>
                                    </cq:styles>
                                </item0>
                            </cq:styleGroups>
                        </default>
                    </contentfragment>
                </content>
            </components>
        </react>
    </we-retail-spa>
</jcr:root>
