<?xml version="1.0" encoding="UTF-8"?>
<jcr:root xmlns:sling="http://sling.apache.org/jcr/sling/1.0" xmlns:cq="http://www.day.com/jcr/cq/1.0" xmlns:jcr="http://www.jcp.org/jcr/1.0" xmlns:nt="http://www.jcp.org/jcr/nt/1.0"
    jcr:primaryType="sling:Folder"
    jcr:title="Hiking">
    <jcr:content jcr:primaryType="nt:unstructured">
        <folderThumbnail/>
    </jcr:content>
    <eqsmcz
        cq:commerceType="product"
        cq:productVariantAxes="[color]"
        cq:tags="[we-retail:activity/hiking,we-retail:season/summer]"
        jcr:description="Backpack"
        jcr:description.ga="Mála Droma"
        jcr:lastModified="{Date}2016-01-11T17:24:13.026-08:00"
        jcr:mixinTypes="[cq:Taggable]"
        jcr:primaryType="nt:unstructured"
        jcr:title="Cuzco"
        jcr:title.ga="Cuzco"
        sling:resourceType="commerce/components/product"
        features="..."
        identifier="eqsmcz"
        price="{Decimal}210"
        summary="..."
        textIsRich="[true,true]">
        <image
            jcr:lastModified="{Date}2016-01-11T17:23:31.368-08:00"
            jcr:lastModifiedBy="admin"
            jcr:primaryType="nt:unstructured"
            sling:resourceType="commerce/components/product/image"
            fileReference="/content/dam/we-retail/en/products/activities/hiking/backpack/Backpack_B.jpg"
            height="300"
            jpegQuality="85"
            unsharpMaskAmount="0"
            unsharpMaskRadius="0"
            unsharpMaskThreshold="0"
            width="300"/>
        <eqsmcz.1
            cq:commerceType="variant"
            jcr:lastModified="{Date}2015-01-26T12:28:08.319Z"
            jcr:primaryType="nt:unstructured"
            jcr:title="Cuzco Blue"
            jcr:title.ga="Cuzco Gorm"
            sling:resourceType="commerce/components/product"
            color="Blue"
            identifier="eqsmcz.1">
            <image
                jcr:lastModified="{Date}2016-01-11T17:23:31.368-08:00"
                jcr:lastModifiedBy="admin"
                jcr:primaryType="nt:unstructured"
                sling:resourceType="commerce/components/product/image"
                fileReference="/content/dam/we-retail/en/products/activities/hiking/backpack/Backpack_B.jpg"
                height="300"
                jpegQuality="85"
                unsharpMaskAmount="0"
                unsharpMaskRadius="0"
                unsharpMaskThreshold="0"
                width="300"/>
        </eqsmcz.1>
        <eqsmcz.2
            cq:commerceType="variant"
            jcr:lastModified="{Date}2016-01-11T17:24:13.026-08:00"
            jcr:primaryType="nt:unstructured"
            jcr:title="Cuzco Orange"
            jcr:title.ga="Cuzco Oráiste"
            sling:resourceType="commerce/components/product"
            color="Orange"
            identifier="eqsmcz.2">
            <image
                jcr:lastModified="{Date}2016-01-11T17:23:31.368-08:00"
                jcr:lastModifiedBy="admin"
                jcr:primaryType="nt:unstructured"
                sling:resourceType="commerce/components/product/image"
                fileReference="/content/dam/we-retail/en/products/activities/hiking/backpack/Frame 1.jpg"
                height="300"
                jpegQuality="85"
                unsharpMaskAmount="0"
                unsharpMaskRadius="0"
                unsharpMaskThreshold="0"
                width="300"/>
        </eqsmcz.2>
    </eqsmcz>
    <hiking_poles
        cq:commerceType="product"
        cq:tags="[we-retail:activity/hiking,we-retail:equipment]"
        jcr:created="{Date}2016-01-12T22:01:30.380-08:00"
        jcr:description="Increase your hiking time with the ease and comfort of hiking poles.  Rust proof and added traction make this a versatile essential for any hiker."
        jcr:lastModified="{Date}2016-01-16T17:18:45.878-05:00"
        jcr:mixinTypes="[cq:Taggable]"
        jcr:primaryType="nt:unstructured"
        jcr:title="Hiking Poles"
        sling:resourceType="commerce/components/product"
        features="&lt;p>Rust proof&lt;/p>&lt;p>Traction claws&lt;/p>"
        identifier="170227049"
        price="{Decimal}79.99"
        size="Regular"
        summary="&lt;p>Increase your hiking time with the ease and comfort of hiking poles. &amp;nbsp;Rust proof and added traction make this a versatile essential for any hiker.&lt;br>&lt;/p>"
        textIsRich="[true,true]">
        <image
            jcr:lastModified="{Date}2016-01-16T17:18:45.859-05:00"
            jcr:lastModifiedBy="admin"
            jcr:primaryType="nt:unstructured"
            sling:resourceType="commerce/components/product/image"
            assetCategory="[we-retail:activity/hiking,we-retail:equipment]"
            fileReference="/content/dam/we-retail/en/products/activities/hiking/170227049.jpg"/>
        <hiking_poles
            cq:commerceType="variant"
            jcr:lastModified="{Date}2016-01-12T22:02:26.668-08:00"
            jcr:mixinTypes="[cq:Taggable]"
            jcr:primaryType="nt:unstructured"
            jcr:title="Hiking Poles"
            sling:resourceType="commerce/components/product"
            identifier="170227049"
            price="{Decimal}79.99"
            size="Regular"
            textIsRich="[true,true]">
            <image
                jcr:lastModified="{Date}2016-01-12T22:02:26.637-08:00"
                jcr:lastModifiedBy="admin"
                jcr:primaryType="nt:unstructured"
                sling:resourceType="commerce/components/product/image"
                fileReference="/content/dam/nrf/170227049.jpg"/>
        </hiking_poles>
    </hiking_poles>
</jcr:root>
