<?xml version="1.0" encoding="UTF-8"?>
<jcr:root xmlns:sling="http://sling.apache.org/jcr/sling/1.0" xmlns:cq="http://www.day.com/jcr/cq/1.0" xmlns:jcr="http://www.jcp.org/jcr/1.0" xmlns:mix="http://www.jcp.org/jcr/mix/1.0" xmlns:nt="http://www.jcp.org/jcr/nt/1.0"
    jcr:primaryType="cq:Page">
    <jcr:content
        cq:lastModified="{Date}2018-12-25T14:50:27.843-05:00"
        cq:lastModifiedBy="admin"
        cq:template="/conf/we-retail-spa/react/settings/wcm/templates/hero-page"
        jcr:isCheckedOut="{Boolean}true"
        jcr:mixinTypes="[mix:versionable]"
        jcr:primaryType="cq:PageContent"
        jcr:title="Experience"
        jcr:uuid="6f2d0899-bb82-4cf6-b293-15372fb62c34"
        sling:resourceType="we-retail-spa/react/components/structure/page">
        <root
            jcr:primaryType="nt:unstructured"
            sling:resourceType="wcm/foundation/components/responsivegrid">
            <hero_image
                jcr:created="{Date}2016-01-13T15:58:04.452+01:00"
                jcr:createdBy="admin"
                jcr:lastModified="{Date}2018-11-07T09:58:42.833-08:00"
                jcr:lastModifiedBy="admin"
                jcr:primaryType="nt:unstructured"
                sling:resourceType="we-retail-spa/components/content/heroImage"
                editable="{Boolean}true"
                fileReference="/content/dam/we-retail/en/activities/hiking-camping/trekker-ama-dablam.jpg"
                heading="Inspiring stories from around the world"
                isHeader="{Boolean}true"
                title="experiences"
                useFullWidth="true"/>
            <responsivegrid
                jcr:created="{Date}2017-12-07T16:48:57.968+05:30"
                jcr:createdBy="admin"
                jcr:lastModified="{Date}2017-12-07T16:49:29.168+05:30"
                jcr:lastModifiedBy="admin"
                jcr:primaryType="nt:unstructured"
                sling:resourceType="wcm/foundation/components/responsivegrid">
                <list
                    cq:styleIds="[1508797744638,1508800123708]"
                    jcr:created="{Date}2018-11-27T11:52:52.230-08:00"
                    jcr:createdBy="admin"
                    jcr:lastModified="{Date}2018-11-27T11:53:21.928-08:00"
                    jcr:lastModifiedBy="admin"
                    jcr:primaryType="nt:unstructured"
                    sling:resourceType="we-retail-spa/components/content/list"
                    childDepth="1"
                    itemType="article"
                    linkItems="true"
                    listFrom="children"
                    orderBy="modified"
                    parentPage="/content/we-retail-spa/react/en/experience"
                    showDescription="false"
                    showModificationDate="true"
                    sortOrder="asc"
                    tagsMatch="any"/>
            </responsivegrid>
        </root>
    </jcr:content>
    <arctic-surfing-in-lofoten/>
    <_x0034_8-hours-wilderness/>
    <fly-fishing-the-amazon/>
    <skitouring/>
    <steelhead-spines-alaska/>
    <camping-in-western-australia/>
</jcr:root>
