<?xml version="1.0" encoding="UTF-8"?>
<jcr:root xmlns:sling="http://sling.apache.org/jcr/sling/1.0" xmlns:cq="http://www.day.com/jcr/cq/1.0" xmlns:jcr="http://www.jcp.org/jcr/1.0" xmlns:nt="http://www.jcp.org/jcr/nt/1.0"
    jcr:primaryType="cq:Page">
    <jcr:content
        cq:isLanguageRoot="true"
        cq:lastModified="{Date}2019-04-29T14:47:49.750-07:00"
        cq:lastModifiedBy="admin"
        cq:template="/conf/we-retail-spa/react/settings/wcm/templates/hero-page"
        jcr:language="en"
        jcr:primaryType="cq:PageContent"
        jcr:title="English Home"
        sling:resourceType="we-retail-spa/react/components/structure/page">
        <root
            jcr:primaryType="nt:unstructured"
            sling:resourceType="wcm/foundation/components/responsivegrid">
            <hero_image
                jcr:created="{Date}2016-01-13T15:58:04.452+01:00"
                jcr:createdBy="admin"
                jcr:lastModified="{Date}2019-04-29T14:32:04.798-07:00"
                jcr:lastModifiedBy="admin"
                jcr:primaryType="nt:unstructured"
                sling:resourceType="we-retail-spa/components/content/heroImage"
                buttonLabel="Shop Now"
                buttonLinkTo="/content/we-retail-spa/react/en/product"
                editable="{Boolean}true"
                fileReference="/content/dam/we-retail/en/activities/hiking-camping/trekker-khumbu-valley.jpg"
                heading="All-new winter collection"
                isHeader="{Boolean}true"
                title="Built for the coldest winters"
                useFullWidth="true"/>
            <responsivegrid
                jcr:created="{Date}2017-12-07T16:48:57.968+05:30"
                jcr:createdBy="admin"
                jcr:lastModified="{Date}2017-12-07T16:49:29.168+05:30"
                jcr:lastModifiedBy="admin"
                jcr:primaryType="nt:unstructured"
                sling:resourceType="wcm/foundation/components/responsivegrid">
                <title_667856768
                    jcr:created="{Date}2019-04-29T14:46:04.952-07:00"
                    jcr:createdBy="admin"
                    jcr:lastModified="{Date}2019-04-29T14:47:24.058-07:00"
                    jcr:lastModifiedBy="admin"
                    jcr:primaryType="nt:unstructured"
                    sling:resourceType="we-retail-spa/components/content/title"
                    title="DISCOVER THE FINEST GEAR"
                    type="h2"/>
                <categoryteaser
                    jcr:created="{Date}2018-11-26T16:44:05.356-08:00"
                    jcr:createdBy="admin"
                    jcr:lastModified="{Date}2018-12-27T11:45:46.415-05:00"
                    jcr:lastModifiedBy="admin"
                    jcr:primaryType="nt:unstructured"
                    sling:resourceType="we-retail-spa/components/content/categoryteaser"
                    buttonLabel="Women"
                    buttonLinkTo="/content/we-retail-spa/react/en/women"
                    image="/content/dam/we-retail/en/activities/running/running-desert-woman.jpg">
                    <cq:responsive jcr:primaryType="nt:unstructured">
                        <default
                            jcr:primaryType="nt:unstructured"
                            width="4"/>
                    </cq:responsive>
                </categoryteaser>
                <categoryteaser_995622113
                    jcr:created="{Date}2018-11-27T10:39:39.073-08:00"
                    jcr:createdBy="admin"
                    jcr:lastModified="{Date}2018-11-27T10:46:44.990-08:00"
                    jcr:lastModifiedBy="admin"
                    jcr:primaryType="nt:unstructured"
                    sling:resourceType="we-retail-spa/components/content/categoryteaser"
                    buttonLabel="Men"
                    buttonLinkTo="/content/we-retail-spa/react/en/men"
                    image="/content/dam/we-retail/en/activities/biking/rocks-downhill.jpg">
                    <cq:responsive jcr:primaryType="nt:unstructured">
                        <default
                            jcr:primaryType="nt:unstructured"
                            width="4"/>
                    </cq:responsive>
                </categoryteaser_995622113>
                <categoryteaser_1478647953
                    jcr:created="{Date}2018-11-27T10:39:44.898-08:00"
                    jcr:createdBy="admin"
                    jcr:lastModified="{Date}2018-11-27T10:47:20.433-08:00"
                    jcr:lastModifiedBy="admin"
                    jcr:primaryType="nt:unstructured"
                    sling:resourceType="we-retail-spa/components/content/categoryteaser"
                    buttonLabel="Equipment"
                    buttonLinkTo="/content/we-retail-spa/react/en/equipment"
                    image="/content/dam/we-retail/en/activities/climbing/climber-gear-rope.jpg">
                    <cq:responsive jcr:primaryType="nt:unstructured">
                        <default
                            jcr:primaryType="nt:unstructured"
                            width="4"/>
                    </cq:responsive>
                </categoryteaser_1478647953>
                <sitefeature
                    jcr:created="{Date}2018-11-27T10:48:08.021-08:00"
                    jcr:createdBy="admin"
                    jcr:lastModified="{Date}2018-12-27T17:34:40.637-05:00"
                    jcr:lastModifiedBy="admin"
                    jcr:primaryType="nt:unstructured"
                    sling:resourceType="we-retail-spa/components/content/sitefeature"
                    description="And free return"
                    icon="shoping-cart-alt"
                    label="Free delivery">
                    <cq:responsive jcr:primaryType="nt:unstructured">
                        <default
                            jcr:primaryType="nt:unstructured"
                            width="4"/>
                    </cq:responsive>
                </sitefeature>
                <sitefeature_1761524538
                    jcr:created="{Date}2018-11-27T10:48:13.556-08:00"
                    jcr:createdBy="admin"
                    jcr:lastModified="{Date}2018-11-27T10:49:34.437-08:00"
                    jcr:lastModifiedBy="admin"
                    jcr:primaryType="nt:unstructured"
                    sling:resourceType="we-retail-spa/components/content/sitefeature"
                    description="Worldwide shipping"
                    icon="compass"
                    label="Order tracking">
                    <cq:responsive jcr:primaryType="nt:unstructured">
                        <default
                            jcr:primaryType="nt:unstructured"
                            width="4"/>
                    </cq:responsive>
                </sitefeature_1761524538>
                <sitefeature_2140509698
                    jcr:created="{Date}2018-11-27T10:48:18.091-08:00"
                    jcr:createdBy="admin"
                    jcr:lastModified="{Date}2018-11-27T10:49:56.380-08:00"
                    jcr:lastModifiedBy="admin"
                    jcr:primaryType="nt:unstructured"
                    sling:resourceType="we-retail-spa/components/content/sitefeature"
                    description="With our outdoor specialist"
                    icon="headphones"
                    label="Online support">
                    <cq:responsive jcr:primaryType="nt:unstructured">
                        <default
                            jcr:primaryType="nt:unstructured"
                            width="4"/>
                    </cq:responsive>
                </sitefeature_2140509698>
                <title
                    jcr:created="{Date}2019-04-29T14:34:31.360-07:00"
                    jcr:createdBy="admin"
                    jcr:lastModified="{Date}2019-04-29T14:47:16.457-07:00"
                    jcr:lastModifiedBy="admin"
                    jcr:primaryType="nt:unstructured"
                    sling:resourceType="we-retail-spa/components/content/title"
                    title="FEATURED PRODUCTS"
                    type="h2"/>
                <productgrid_89539084
                    jcr:created="{Date}2018-12-26T18:55:37.333-05:00"
                    jcr:createdBy="admin"
                    jcr:lastModified="{Date}2018-12-26T18:58:59.003-05:00"
                    jcr:lastModifiedBy="admin"
                    jcr:primaryType="nt:unstructured"
                    sling:resourceType="we-retail-spa/components/content/productgrid"
                    childDepth="1"
                    listFrom="static"
                    pages="[/content/we-retail-spa/react/en/product/men/coats/el-gordo-down-jacket,/content/we-retail-spa/react/en/product/equipment/hiking/trail-model-pants,/content/we-retail-spa/react/en/product/equipment/biking/marin-mountain-bike-shoes,/content/we-retail-spa/react/en/product/equipment/hiking/laguna-short-sleeve-shirt,/content/we-retail-spa/react/en/product/men/coats/brooklyn-coat,/content/we-retail-spa/react/en/product/equipment/hiking/stretch-fatigue-shorts]"
                    sortOrder="asc"
                    tagsMatch="any"/>
                <title_954444900
                    jcr:created="{Date}2019-04-29T14:35:15.162-07:00"
                    jcr:createdBy="admin"
                    jcr:lastModified="{Date}2019-04-29T14:47:31.933-07:00"
                    jcr:lastModifiedBy="admin"
                    jcr:primaryType="nt:unstructured"
                    sling:resourceType="we-retail-spa/components/content/title"
                    title="Our Top Stories"
                    type="h2"/>
                <list
                    cq:styleIds="[1508800123708,1508797744638]"
                    jcr:created="{Date}2018-11-27T10:59:00.434-08:00"
                    jcr:createdBy="admin"
                    jcr:lastModified="{Date}2018-11-27T11:13:55.763-08:00"
                    jcr:lastModifiedBy="admin"
                    jcr:primaryType="nt:unstructured"
                    sling:resourceType="we-retail-spa/components/content/list"
                    childDepth="1"
                    itemType="article"
                    linkItems="true"
                    listFrom="children"
                    orderBy="modified"
                    parentPage="/content/we-retail-spa/react/en/experience"
                    showDescription="false"
                    showModificationDate="true"
                    sortOrder="asc"
                    tagsMatch="any"/>
                <title_181378909
                    jcr:created="{Date}2019-04-29T14:35:44.289-07:00"
                    jcr:createdBy="admin"
                    jcr:lastModified="{Date}2019-04-29T14:47:41.125-07:00"
                    jcr:lastModifiedBy="admin"
                    jcr:primaryType="nt:unstructured"
                    sling:resourceType="we-retail-spa/components/content/title"
                    title="NEW ARRIVALS"
                    type="h2"/>
                <productgrid_1736478537
                    jcr:created="{Date}2018-11-27T11:49:16.496-08:00"
                    jcr:createdBy="admin"
                    jcr:lastModified="{Date}2018-12-26T19:07:12.959-05:00"
                    jcr:lastModifiedBy="admin"
                    jcr:primaryType="nt:unstructured"
                    sling:resourceType="we-retail-spa/components/content/productgrid"
                    childDepth="3"
                    listFrom="static"
                    pages="[/content/we-retail-spa/react/en/product/equipment/hiking/backpack,/content/we-retail-spa/react/en/product/equipment/hiking/desert-sky-shorts,/content/we-retail-spa/react/en/product/equipment/hiking/rios-t-shirt,/content/we-retail-spa/react/en/product/equipment/hiking/candide-trail-short,/content/we-retail-spa/react/en/product/equipment/hiking/laguna-short-sleeve-shirt,/content/we-retail-spa/react/en/product/equipment/hiking/slot-canyon-active-shorts]"
                    parentPage="/content/we-retail-spa/react/en/product"
                    sortOrder="asc"
                    tagsMatch="any"/>
                <title_1567106617
                    jcr:created="{Date}2019-04-29T14:36:12.493-07:00"
                    jcr:createdBy="admin"
                    jcr:lastModified="{Date}2019-04-29T14:47:49.746-07:00"
                    jcr:lastModifiedBy="admin"
                    jcr:primaryType="nt:unstructured"
                    sling:resourceType="we-retail-spa/components/content/title"
                    title="JOIN OUR COMMUNITY"
                    type="h2"/>
                <categoryteaser_729156274
                    jcr:created="{Date}2018-11-27T11:49:47.298-08:00"
                    jcr:createdBy="admin"
                    jcr:lastModified="{Date}2018-11-27T11:50:44.765-08:00"
                    jcr:lastModifiedBy="admin"
                    jcr:primaryType="nt:unstructured"
                    sling:resourceType="we-retail-spa/components/content/categoryteaser"
                    image="/content/dam/we-retail/en/activities/hiking-camping/camp-summer-night.jpg">
                    <cq:responsive jcr:primaryType="nt:unstructured">
                        <default
                            jcr:primaryType="nt:unstructured"
                            width="4"/>
                    </cq:responsive>
                </categoryteaser_729156274>
                <categoryteaser_1832213917
                    jcr:created="{Date}2018-11-27T11:49:50.968-08:00"
                    jcr:createdBy="admin"
                    jcr:lastModified="{Date}2018-11-27T11:50:49.159-08:00"
                    jcr:lastModifiedBy="admin"
                    jcr:primaryType="nt:unstructured"
                    sling:resourceType="we-retail-spa/components/content/categoryteaser"
                    image="/content/dam/we-retail/en/activities/climbing/ice-climbing-group.jpg">
                    <cq:responsive jcr:primaryType="nt:unstructured">
                        <default
                            jcr:primaryType="nt:unstructured"
                            width="4"/>
                    </cq:responsive>
                </categoryteaser_1832213917>
                <categoryteaser_610764430
                    jcr:created="{Date}2018-11-27T11:49:56.347-08:00"
                    jcr:createdBy="admin"
                    jcr:lastModified="{Date}2018-11-27T11:51:02.217-08:00"
                    jcr:lastModifiedBy="admin"
                    jcr:primaryType="nt:unstructured"
                    sling:resourceType="we-retail-spa/components/content/categoryteaser"
                    image="/content/dam/we-retail/en/activities/biking/group-mountain-bikers.jpg">
                    <cq:responsive jcr:primaryType="nt:unstructured">
                        <default
                            jcr:primaryType="nt:unstructured"
                            width="4"/>
                    </cq:responsive>
                </categoryteaser_610764430>
            </responsivegrid>
        </root>
    </jcr:content>
    <experience/>
    <men/>
    <women/>
    <equipment/>
    <about-us/>
    <product/>
    <athletes/>
    <news/>
    <careers/>
    <privacy/>
    <investors/>
    <terms/>
    <cookies/>
</jcr:root>
